city,latitude,longitude,state
"Chicago, IL",41.8781,-87.6298,Illinois
"Indianapolis, IN",39.7684,-86.1581,Indiana
"Columbus, OH",39.9612,-82.9988,Ohio
"Detroit, MI",42.3314,-83.0458,Michigan
"Milwaukee, WI",43.0389,-87.9065,Wisconsin
"St. Louis, MO",38.627,-90.1994,Missouri
"Louisville, KY",38.2527,-85.7585,Kentucky
"Nashville, TN",36.1627,-86.7816,Tennessee
"Atlanta, GA",33.749,-84.388,Georgia
"Charlotte, NC",35.2271,-80.8431,North Carolina
"Pittsburgh, PA",40.4406,-79.9959,Pennsylvania
"New York, NY",40.7128,-74.006,New York
