city_a,city_b,google_maps_driving_miles,date_collected,collector,notes
"Chicago, IL","Indianapolis, IN",,,,
"Chicago, IL","Milwaukee, WI",,,,
"Chicago, IL","Detroit, MI",,,,
"Chicago, IL","St. Louis, MO",,,,
"Indianapolis, IN","Columbus, OH",,,,
"Indianapolis, IN","Louisville, KY",,,,
"Indianapolis, IN","St. Louis, MO",,,,
"Columbus, OH","Detroit, MI",,,,
"Columbus, OH","Pittsburgh, PA",,,,
"Columbus, OH","Louisville, KY",,,,
"Detroit, MI","Pittsburgh, PA",,,,
"Milwaukee, WI","St. Louis, MO",,,,
"St. Louis, MO","Louisville, KY",,,,
"Louisville, KY","Nashville, TN",,,,
"Nashville, TN","Atlanta, GA",,,,
"Nashville, TN","Charlotte, NC",,,,
"Atlanta, GA","Charlotte, NC",,,,
"Pittsburgh, PA","New York, NY",,,,
"Pittsburgh, PA","Charlotte, NC",,,,
"Charlotte, NC","New York, NY",,,,
